Date,Store ID,Product ID,Category,Region,Inventory Level,Units Sold,Units Ordered,Demand Forecast,Price,Discount,Weather Condition,Holiday/Promotion,Competitor Pricing,Seasonality
01-01-2022,S001,P0001,Groceries,North,231,127,55,135.47,33.5,20,Rainy,0,29.69,Autumn
01-01-2022,S001,P0002,Toys,South,204,150,66,144.04,63.01,20,Sunny,0,66.16,Autumn
01-01-2022,S001,P0003,Toys,West,102,65,51,74.02,27.99,10,Sunny,1,31.32,Summer
01-01-2022,S001,P0004,Toys,North,469,61,164,62.18,32.72,10,Cloudy,1,34.74,Autumn
01-01-2022,S001,P0005,Electronics,East,166,14,135,9.26,73.64,0,Sunny,0,68.95,Summer
01-01-2022,S001,P0006,Groceries,South,138,128,102,139.82,76.83,10,Sunny,1,79.35,Winter
01-01-2022,S001,P0007,Furniture,East,359,97,167,108.92,34.16,10,Rainy,1,36.55,Winter
01-01-2022,S001,P0008,Clothing,North,380,312,54,329.73,97.99,5,Cloudy,0,100.09,Spring
01-01-2022,S001,P0009,Electronics,West,183,175,135,174.15,20.74,10,Cloudy,0,17.66,Autumn
01-01-2022,S001,P0010,Toys,South,108,28,196,24.47,59.99,0,Rainy,1,61.21,Winter
01-01-2022,S001,P0011,Furniture,South,258,150,153,152.74,58.53,10,Sunny,1,61.42,Spring
01-01-2022,S001,P0012,Clothing,West,66,24,70,26.75,58.25,20,Snowy,0,62.21,Spring
01-01-2022,S001,P0013,Toys,South,96,42,85,41.46,43.6,0,Cloudy,0,46.31,Spring
01-01-2022,S001,P0014,Clothing,West,193,12,187,6.8,78.11,0,Sunny,0,80.06,Spring
01-01-2022,S001,P0015,Clothing,North,379,369,154,363.46,92.99,15,Snowy,0,95.8,Winter
01-01-2022,S001,P0016,Electronics,North,363,255,69,255.74,21.9,5,Cloudy,1,20.27,Autumn
01-01-2022,S001,P0017,Toys,West,318,246,177,255.37,21.07,20,Sunny,0,16.49,Winter
01-01-2022,S001,P0018,Clothing,South,241,151,47,147.27,19.57,5,Cloudy,0,23.13,Autumn
01-01-2022,S001,P0019,Clothing,East,352,257,186,267.38,73.28,10,Cloudy,0,77.26,Winter
01-01-2022,S001,P0020,Toys,East,274,99,166,115.23,30.24,5,Cloudy,0,27.1,Spring
01-01-2022,S002,P0001,Groceries,South,343,104,144,112.55,32.8,20,Sunny,1,30.78,Spring
01-01-2022,S002,P0002,Clothing,West,373,141,151,135.62,46.16,10,Rainy,1,45.21,Winter
01-01-2022,S002,P0003,Furniture,East,445,182,119,176.31,20.46,20,Snowy,1,22,Spring
01-01-2022,S002,P0004,Toys,West,191,63,115,54.57,26.19,0,Cloudy,0,28.06,Autumn
01-01-2022,S002,P0005,Toys,West,281,156,25,150.9,83.29,20,Rainy,0,80.64,Autumn
01-01-2022,S002,P0006,Furniture,North,492,250,168,242.57,85.59,20,Cloudy,0,86.82,Winter
01-01-2022,S002,P0007,Groceries,West,460,393,70,401.48,91.13,5,Sunny,0,93.33,Summer
01-01-2022,S002,P0008,Electronics,West,304,29,99,35.54,66.96,20,Snowy,0,65.36,Summer
01-01-2022,S002,P0009,Clothing,South,113,9,84,14.78,81.29,5,Rainy,1,82.06,Winter
01-01-2022,S002,P0010,Electronics,North,157,126,181,132.75,60.84,0,Snowy,1,65.22,Winter
01-01-2022,S002,P0011,Groceries,West,67,13,33,7.44,34.62,0,Snowy,1,33.98,Autumn
01-01-2022,S002,P0012,Groceries,East,281,25,136,37.27,19.56,5,Rainy,1,19.01,Winter
01-01-2022,S002,P0013,Clothing,East,389,283,177,299.7,57.78,20,Cloudy,0,58.5,Spring
01-01-2022,S002,P0014,Electronics,East,465,359,77,370.36,91.28,20,Cloudy,0,90.85,Summer
01-01-2022,S002,P0015,Toys,South,197,129,94,148.55,59.9,15,Sunny,1,55.23,Winter
01-01-2022,S002,P0016,Toys,South,242,63,85,58.07,45.65,20,Rainy,1,42.17,Spring
01-01-2022,S002,P0017,Groceries,West,398,373,92,390.89,11.71,20,Cloudy,1,10,Winter
01-01-2022,S002,P0018,Groceries,North,234,160,140,177.41,58.84,5,Cloudy,0,54.39,Summer
01-01-2022,S002,P0019,Toys,East,67,15,186,34.38,84.99,5,Sunny,1,81.02,Winter
01-01-2022,S002,P0020,Toys,West,221,101,38,115,87.1,0,Rainy,1,91.56,Spring
01-01-2022,S003,P0001,Toys,South,241,147,180,161.09,67.21,5,Sunny,1,67.39,Summer
01-01-2022,S003,P0002,Electronics,West,115,4,169,11.11,28.2,10,Sunny,1,25.63,Spring
01-01-2022,S003,P0003,Groceries,South,375,77,145,75.04,56.16,10,Sunny,1,57.16,Spring
01-01-2022,S003,P0004,Toys,South,153,31,145,42.99,89.53,20,Rainy,1,93.6,Winter
01-01-2022,S003,P0005,Clothing,West,438,325,20,330.92,97.95,20,Sunny,0,93.54,Winter
01-01-2022,S003,P0006,Groceries,North,456,163,22,159.17,76.37,5,Rainy,1,71.38,Summer
01-01-2022,S003,P0007,Electronics,North,189,34,107,26.91,86.99,15,Rainy,1,90.5,Summer
01-01-2022,S003,P0008,Toys,North,223,47,107,45.48,66.53,15,Cloudy,1,70.46,Spring
01-01-2022,S003,P0009,Groceries,South,381,15,184,30.05,74.86,15,Snowy,1,73.93,Winter
01-01-2022,S003,P0010,Groceries,South,166,126,124,141.34,97.09,5,Rainy,1,95.8,Summer
01-01-2022,S003,P0011,Toys,East,292,232,155,242.02,56.19,0,Snowy,1,57.85,Winter
01-01-2022,S003,P0012,Electronics,North,311,175,55,176.75,90.38,20,Cloudy,0,89.52,Summer
01-01-2022,S003,P0013,Furniture,North,51,17,172,12.86,73.98,20,Cloudy,1,76.65,Summer
01-01-2022,S003,P0014,Electronics,South,398,369,26,387.88,79.03,5,Rainy,0,82.51,Spring
01-01-2022,S003,P0015,Clothing,West,445,260,24,266.36,27.72,5,Snowy,0,23.28,Autumn
01-01-2022,S003,P0016,Groceries,South,487,347,93,349.36,98.18,15,Rainy,0,99.58,Winter
01-01-2022,S003,P0017,Clothing,East,429,150,168,157.82,27.1,5,Cloudy,1,27.4,Spring
01-01-2022,S003,P0018,Toys,West,204,70,170,83.01,97.08,15,Snowy,1,94.88,Winter
01-01-2022,S003,P0019,Clothing,East,330,249,37,268.25,26.71,15,Cloudy,1,24.81,Summer
01-01-2022,S003,P0020,Electronics,North,431,370,99,387.57,95.85,20,Cloudy,1,95.7,Spring
01-01-2022,S004,P0001,Toys,South,477,271,66,286.65,15.62,15,Sunny,0,16.09,Winter
01-01-2022,S004,P0002,Clothing,North,462,180,183,176.06,41.13,5,Sunny,0,45.05,Autumn
01-01-2022,S004,P0003,Clothing,West,446,344,27,352.93,89.32,20,Cloudy,0,93,Autumn
01-01-2022,S004,P0004,Groceries,West,437,0,160,-2.4,87.23,10,Sunny,0,90.36,Spring
01-01-2022,S004,P0005,Groceries,North,397,200,172,196.57,81.72,0,Snowy,1,85.22,Spring
01-01-2022,S004,P0006,Electronics,East,470,382,195,396.4,41.35,10,Snowy,0,39.86,Summer
01-01-2022,S004,P0007,Electronics,West,264,190,139,197.45,67.26,20,Cloudy,0,64.78,Summer
01-01-2022,S004,P0008,Furniture,South,250,51,137,54.98,85.88,20,Snowy,1,86.14,Winter
01-01-2022,S004,P0009,Furniture,North,63,40,73,51.78,59.23,10,Rainy,1,61.1,Summer
01-01-2022,S004,P0010,Groceries,East,447,104,96,115.03,33.48,15,Cloudy,0,37.15,Summer
01-01-2022,S004,P0011,Electronics,West,205,46,27,46.65,54.84,0,Sunny,1,57.76,Spring
01-01-2022,S004,P0012,Electronics,North,349,9,165,0.95,14.25,5,Rainy,1,18.56,Spring
01-01-2022,S004,P0013,Furniture,East,191,56,65,54.47,61.81,0,Sunny,0,63.92,Autumn
01-01-2022,S004,P0014,Electronics,West,406,63,139,69.73,66.94,10,Snowy,1,68.47,Winter
01-01-2022,S004,P0015,Clothing,South,228,181,127,171.96,60.54,5,Cloudy,0,65.27,Autumn
01-01-2022,S004,P0016,Groceries,South,263,94,24,98.05,94.26,15,Rainy,0,96.74,Summer
01-01-2022,S004,P0017,Electronics,South,203,46,75,55.12,25.55,0,Rainy,0,28.07,Winter
01-01-2022,S004,P0018,Groceries,West,143,8,27,27.3,16.73,5,Cloudy,1,18.79,Spring
01-01-2022,S004,P0019,Groceries,West,359,172,125,181.25,71.2,15,Rainy,1,73.85,Spring
01-01-2022,S004,P0020,Clothing,West,211,68,37,86.27,11.5,20,Snowy,0,9.26,Winter
01-01-2022,S005,P0001,Toys,West,111,77,60,83.47,70.33,10,Cloudy,0,70.29,Winter
01-01-2022,S005,P0002,Clothing,West,415,298,107,292.96,57.15,5,Snowy,1,60.71,Autumn
01-01-2022,S005,P0003,Electronics,North,384,64,26,76.02,36.17,5,Sunny,0,40.93,Spring
01-01-2022,S005,P0004,Furniture,West,436,300,174,292.04,50.77,15,Snowy,1,54.7,Spring
01-01-2022,S005,P0005,Clothing,West,180,21,47,38.63,92.86,15,Rainy,1,96.3,Winter
01-01-2022,S005,P0006,Groceries,North,185,176,163,174.06,60.76,20,Cloudy,0,61.15,Summer
01-01-2022,S005,P0007,Clothing,South,292,131,140,122.6,46.47,15,Snowy,0,50.84,Summer
01-01-2022,S005,P0008,Toys,West,478,317,197,328.64,34.08,5,Snowy,1,30.44,Winter
01-01-2022,S005,P0009,Groceries,West,182,97,27,92.62,87.81,5,Snowy,0,85.45,Spring
01-01-2022,S005,P0010,Clothing,East,87,8,141,14.38,37.04,10,Rainy,1,36.87,Summer
01-01-2022,S005,P0011,Groceries,West,427,104,128,94.65,54.12,10,Rainy,1,53.03,Summer
01-01-2022,S005,P0012,Electronics,West,245,87,188,90.59,67.64,15,Sunny,0,63.53,Summer
01-01-2022,S005,P0013,Furniture,South,317,238,95,256.57,82.18,5,Cloudy,0,87.09,Summer
01-01-2022,S005,P0014,Electronics,South,325,171,43,188.55,42.62,20,Cloudy,1,42.01,Autumn
01-01-2022,S005,P0015,Furniture,West,411,250,119,260.79,11.54,10,Cloudy,0,11.27,Spring
01-01-2022,S005,P0016,Clothing,South,71,11,32,1.85,16.3,5,Sunny,0,17.98,Winter
01-01-2022,S005,P0017,Electronics,East,388,371,98,390.04,98.31,15,Sunny,1,102.42,Spring
01-01-2022,S005,P0018,Furniture,West,161,107,66,103.97,48.96,10,Snowy,1,50.03,Spring
01-01-2022,S005,P0019,Groceries,South,235,106,124,119.33,88.22,5,Rainy,0,91.16,Spring
01-01-2022,S005,P0020,Electronics,South,108,101,52,105.92,11.04,10,Snowy,1,9.14,Autumn
02-01-2022,S001,P0001,Groceries,West,116,81,104,92.94,27.95,10,Cloudy,0,30.89,Spring
02-01-2022,S001,P0002,Clothing,West,416,163,79,171.6,19.78,15,Cloudy,0,18.76,Spring
02-01-2022,S001,P0003,Clothing,South,488,464,163,463.12,70.99,10,Snowy,0,72.93,Summer
02-01-2022,S001,P0004,Groceries,East,248,116,107,133.92,49.56,5,Snowy,0,50.46,Summer
02-01-2022,S001,P0005,Electronics,East,238,200,40,204.3,23.76,15,Sunny,1,19.19,Summer
02-01-2022,S001,P0006,Furniture,East,471,58,32,51.57,47.56,0,Snowy,1,46.82,Summer
02-01-2022,S001,P0007,Electronics,North,178,56,149,60.3,17.1,5,Snowy,1,17,Autumn
02-01-2022,S001,P0008,Clothing,East,92,74,121,67.04,58.89,5,Cloudy,0,61.56,Autumn
02-01-2022,S001,P0009,Toys,South,99,54,182,70.6,99.76,20,Cloudy,0,95.61,Spring
02-01-2022,S001,P0010,Clothing,North,171,39,163,47.8,11.44,5,Sunny,0,12.71,Summer
02-01-2022,S001,P0011,Furniture,East,215,12,173,16.92,53.84,0,Cloudy,1,53.79,Spring
02-01-2022,S001,P0012,Furniture,East,281,56,187,70.71,57.84,5,Snowy,1,60.99,Summer
02-01-2022,S001,P0013,Toys,North,455,31,124,44.46,35.51,15,Cloudy,1,31.06,Autumn
02-01-2022,S001,P0014,Electronics,West,84,25,20,23.36,31.41,0,Cloudy,1,28.6,Spring
02-01-2022,S001,P0015,Electronics,East,246,198,67,203.23,28.06,20,Cloudy,1,30.29,Winter
02-01-2022,S001,P0016,Electronics,West,399,77,147,67.55,35.67,15,Snowy,0,38.02,Summer
02-01-2022,S001,P0017,Furniture,West,242,165,105,181.86,28.18,5,Cloudy,0,27.5,Autumn
02-01-2022,S001,P0018,Toys,North,478,42,168,55.16,74.42,5,Snowy,0,69.67,Summer
02-01-2022,S001,P0019,Furniture,South,156,8,67,24.41,91.95,5,Cloudy,1,87.43,Spring
02-01-2022,S001,P0020,Electronics,North,221,174,168,187.49,97.88,0,Snowy,0,99.5,Autumn
02-01-2022,S002,P0001,Electronics,West,402,343,141,339.04,66.57,20,Rainy,1,63.92,Summer
02-01-2022,S002,P0002,Furniture,West,132,71,60,82.44,90.36,5,Rainy,0,86.73,Winter
02-01-2022,S002,P0003,Groceries,West,218,157,31,153.42,92.24,5,Snowy,1,89.57,Autumn
02-01-2022,S002,P0004,Groceries,South,131,88,109,100.61,68.71,0,Snowy,0,69.34,Spring
02-01-2022,S002,P0005,Groceries,North,93,64,128,57.53,87.22,5,Cloudy,1,90.59,Spring
02-01-2022,S002,P0006,Groceries,East,344,273,154,273.1,79.38,0,Rainy,0,77.28,Autumn
02-01-2022,S002,P0007,Groceries,North,340,247,148,264.18,17.41,15,Snowy,0,13.57,Summer
02-01-2022,S002,P0008,Electronics,North,241,42,187,46.32,14.8,15,Sunny,1,13.94,Spring
02-01-2022,S002,P0009,Electronics,North,296,197,157,195.61,30.5,0,Sunny,0,28.86,Spring
02-01-2022,S002,P0010,Groceries,West,472,374,65,387.41,27.84,15,Cloudy,1,32,Spring
02-01-2022,S002,P0011,Furniture,East,308,154,22,169.13,88.62,0,Cloudy,0,86.3,Winter
02-01-2022,S002,P0012,Toys,North,434,236,30,239.09,82.35,20,Rainy,0,83.13,Autumn
02-01-2022,S002,P0013,Toys,North,287,278,92,279.91,92.57,10,Sunny,1,97.09,Summer
02-01-2022,S002,P0014,Furniture,West,190,27,134,31.53,94.38,5,Rainy,0,89.47,Autumn
02-01-2022,S002,P0015,Toys,North,353,106,191,110.49,70.59,0,Cloudy,1,75.27,Winter
02-01-2022,S002,P0016,Toys,West,210,154,70,166.83,63.13,10,Sunny,0,67.23,Autumn
02-01-2022,S002,P0017,Clothing,West,193,176,38,174.49,46.04,5,Rainy,1,41.4,Autumn
02-01-2022,S002,P0018,Groceries,East,124,124,46,116.05,21.07,10,Sunny,0,21.71,Autumn
02-01-2022,S002,P0019,Toys,East,492,479,132,469.74,79.11,0,Cloudy,0,80.06,Winter
02-01-2022,S002,P0020,Clothing,South,222,78,42,76.55,64.99,0,Sunny,1,65.4,Summer
02-01-2022,S003,P0001,Toys,West,277,114,40,132.41,73.48,10,Cloudy,0,72.55,Autumn
02-01-2022,S003,P0002,Groceries,East,175,2,140,-3.4,87.5,0,Rainy,0,91.2,Autumn
02-01-2022,S003,P0003,Toys,East,157,7,187,22.8,88.68,20,Cloudy,1,87.38,Autumn
02-01-2022,S003,P0004,Furniture,West,120,54,154,49.64,82.36,20,Snowy,0,85.85,Autumn
02-01-2022,S003,P0005,Furniture,East,375,282,61,297.42,38.56,5,Cloudy,0,36.57,Winter
02-01-2022,S003,P0006,Groceries,East,302,93,33,106.58,97.74,0,Cloudy,0,97.69,Winter
02-01-2022,S003,P0007,Electronics,West,375,85,40,85.31,37.68,15,Cloudy,0,36.72,Autumn
02-01-2022,S003,P0008,Clothing,South,248,136,50,130.52,36.03,5,Rainy,0,37.49,Spring
02-01-2022,S003,P0009,Electronics,West,219,140,196,139.46,88.97,0,Snowy,1,91.53,Spring
02-01-2022,S003,P0010,Furniture,West,146,79,155,94.23,16.48,10,Cloudy,1,21.42,Spring
02-01-2022,S003,P0011,Furniture,South,218,106,111,117.65,58.37,10,Cloudy,1,58.1,Autumn
02-01-2022,S003,P0012,Groceries,West,260,1,142,1.99,27.86,5,Snowy,1,31.78,Winter
02-01-2022,S003,P0013,Electronics,West,414,203,53,206.35,39.14,5,Rainy,1,35.3,Autumn
02-01-2022,S003,P0014,Toys,North,420,368,71,384.47,66.51,0,Cloudy,0,70.84,Spring
02-01-2022,S003,P0015,Electronics,East,435,286,159,283.25,89.65,20,Snowy,0,84.99,Winter
02-01-2022,S003,P0016,Clothing,South,230,69,173,70.77,86.7,20,Rainy,0,91.05,Spring
02-01-2022,S003,P0017,Toys,South,456,52,78,65.67,29.69,20,Snowy,0,25.27,Summer
02-01-2022,S003,P0018,Toys,East,319,109,83,126.67,86.93,10,Rainy,1,82.59,Winter
02-01-2022,S003,P0019,Furniture,North,59,50,135,44.37,59.33,10,Cloudy,0,54.98,Spring
02-01-2022,S003,P0020,Electronics,East,155,0,92,9.42,57.07,10,Rainy,1,53.34,Summer
02-01-2022,S004,P0001,Electronics,North,144,22,45,39.12,74.16,15,Rainy,0,69.74,Autumn
02-01-2022,S004,P0002,Electronics,East,283,45,156,46.65,59.38,0,Sunny,1,62.4,Spring
02-01-2022,S004,P0003,Clothing,East,347,89,122,87.77,48.18,0,Sunny,1,49.64,Spring
02-01-2022,S004,P0004,Groceries,East,410,209,128,224.66,94.75,20,Snowy,0,90.1,Autumn
02-01-2022,S004,P0005,Toys,West,99,4,76,14.91,60.89,5,Sunny,0,59.42,Autumn
02-01-2022,S004,P0006,Toys,East,97,47,138,52.02,14.71,5,Cloudy,0,16.85,Autumn
02-01-2022,S004,P0007,Furniture,West,339,115,95,124.22,33.09,10,Rainy,0,28.55,Spring
02-01-2022,S004,P0008,Toys,South,144,27,119,21.73,98.75,15,Snowy,0,102.7,Summer
02-01-2022,S004,P0009,Furniture,South,110,90,28,103.6,12.4,20,Snowy,0,8.56,Autumn
02-01-2022,S004,P0010,Groceries,South,348,206,67,214.99,92.01,15,Snowy,1,87.81,Autumn
02-01-2022,S004,P0011,Toys,East,458,328,144,339.54,92.12,20,Sunny,1,87.37,Spring
02-01-2022,S004,P0012,Groceries,South,403,155,24,145.99,37.39,20,Sunny,0,38.71,Spring
02-01-2022,S004,P0013,Clothing,West,198,184,161,191.55,85.35,10,Rainy,1,80.79,Spring
02-01-2022,S004,P0014,Electronics,East,472,16,166,28.75,82.64,0,Cloudy,0,78.35,Autumn
02-01-2022,S004,P0015,Toys,North,178,90,79,98.56,92.19,10,Snowy,1,97.07,Summer
02-01-2022,S004,P0016,Clothing,West,215,178,111,180.76,61.41,0,Sunny,0,61.32,Spring
02-01-2022,S004,P0017,Electronics,South,477,256,150,254.89,96.47,20,Cloudy,0,93.35,Spring
02-01-2022,S004,P0018,Furniture,South,198,27,62,25.51,89.33,0,Sunny,0,89.63,Spring
02-01-2022,S004,P0019,Groceries,North,110,67,83,79.41,59.49,20,Rainy,1,57.55,Spring
02-01-2022,S004,P0020,Electronics,North,254,84,112,77.15,73.05,15,Sunny,1,74.55,Autumn
02-01-2022,S005,P0001,Groceries,East,223,67,53,74.8,67.49,5,Sunny,0,65.24,Winter
02-01-2022,S005,P0002,Furniture,West,100,15,114,28.97,66.05,10,Sunny,1,65.16,Autumn
02-01-2022,S005,P0003,Toys,West,397,333,35,336.02,80.88,20,Rainy,1,84.97,Winter
02-01-2022,S005,P0004,Groceries,North,442,56,38,54.08,60.5,10,Cloudy,1,64.88,Spring
02-01-2022,S005,P0005,Furniture,West,411,165,194,172.41,71.72,20,Rainy,0,75.17,Autumn
02-01-2022,S005,P0006,Clothing,North,76,54,175,49.32,69.21,15,Rainy,1,71.17,Summer
02-01-2022,S005,P0007,Clothing,East,257,93,148,84.69,70.69,20,Snowy,0,71.37,Winter
02-01-2022,S005,P0008,Furniture,East,353,250,57,254.75,63.54,15,Cloudy,0,61.05,Summer
02-01-2022,S005,P0009,Electronics,West,119,90,76,99.63,78.08,10,Sunny,0,73.69,Winter
02-01-2022,S005,P0010,Furniture,West,403,83,77,84.32,43.09,10,Sunny,1,47.02,Spring
02-01-2022,S005,P0011,Electronics,East,60,16,149,23.98,25.67,5,Sunny,1,27.78,Winter
02-01-2022,S005,P0012,Toys,West,182,87,121,83.13,38.59,20,Rainy,0,33.87,Spring
02-01-2022,S005,P0013,Furniture,East,455,241,136,235.03,57.99,5,Sunny,0,55.4,Spring
02-01-2022,S005,P0014,Toys,South,437,286,116,282.52,14.65,20,Snowy,1,13.12,Winter
02-01-2022,S005,P0015,Clothing,West,289,60,83,52.77,63.26,0,Rainy,1,61.02,Autumn
02-01-2022,S005,P0016,Groceries,East,487,437,106,432.86,43.64,15,Cloudy,1,39.13,Autumn
02-01-2022,S005,P0017,Toys,North,418,377,76,383.26,84.85,20,Sunny,1,84.29,Summer
02-01-2022,S005,P0018,Clothing,West,89,83,113,78.67,47.05,15,Rainy,1,47.89,Spring
02-01-2022,S005,P0019,Clothing,West,421,203,152,220.23,76.83,20,Snowy,0,75.86,Spring
02-01-2022,S005,P0020,Clothing,South,211,183,189,190.11,93.95,10,Sunny,1,98.89,Spring
03-01-2022,S001,P0001,Electronics,West,154,5,189,5.36,62.7,20,Rainy,0,58.22,Winter
03-01-2022,S001,P0002,Clothing,East,282,199,70,193.26,54.02,0,Cloudy,0,52.91,Spring
03-01-2022,S001,P0003,Toys,South,183,176,124,168.28,26.03,10,Rainy,0,29.38,Winter
03-01-2022,S001,P0004,Electronics,East,239,214,51,228.51,10.19,0,Cloudy,1,7.82,Winter
03-01-2022,S001,P0005,Groceries,West,368,165,56,170.76,95.54,0,Sunny,0,91.29,Spring
03-01-2022,S001,P0006,Furniture,South,57,9,40,13.6,57.65,5,Sunny,0,58.01,Summer
03-01-2022,S001,P0007,Clothing,South,460,140,70,143.7,87.85,20,Sunny,0,91.9,Winter
03-01-2022,S001,P0008,Groceries,West,214,177,150,178,53.94,5,Snowy,0,51.47,Autumn
03-01-2022,S001,P0009,Groceries,South,407,217,55,217.69,61.42,20,Sunny,0,65.86,Winter
03-01-2022,S001,P0010,Electronics,West,51,47,155,38.08,99.14,10,Snowy,0,102.66,Autumn
03-01-2022,S001,P0011,Groceries,East,252,3,98,5.18,60.52,0,Cloudy,0,62.72,Autumn
03-01-2022,S001,P0012,Clothing,East,72,2,62,9.81,86.93,15,Cloudy,0,83.11,Summer
03-01-2022,S001,P0013,Clothing,South,194,18,120,20.5,83.11,10,Snowy,1,85.16,Summer
03-01-2022,S001,P0014,Toys,South,302,242,145,255.54,32.28,10,Rainy,1,30.1,Winter
03-01-2022,S001,P0015,Toys,North,330,228,157,246.91,52.17,10,Sunny,1,52.43,Summer
03-01-2022,S001,P0016,Clothing,East,148,31,160,35.11,93.61,15,Snowy,1,94.15,Spring
03-01-2022,S001,P0017,Clothing,North,315,16,197,33.51,98.25,5,Sunny,0,100.34,Spring
03-01-2022,S001,P0018,Furniture,East,97,20,147,37.26,78.53,5,Rainy,0,75.48,Autumn
03-01-2022,S001,P0019,Furniture,South,240,193,171,203.45,56.91,0,Sunny,1,54.2,Spring
03-01-2022,S001,P0020,Toys,North,178,118,162,110.02,35.32,20,Cloudy,1,37.56,Summer
03-01-2022,S002,P0001,Toys,North,405,96,171,100.82,48.08,0,Rainy,1,49.4,Autumn
03-01-2022,S002,P0002,Electronics,North,200,48,47,55.45,46.95,15,Snowy,1,43.48,Summer
03-01-2022,S002,P0003,Furniture,West,327,130,166,127.03,94.45,20,Cloudy,1,99.26,Winter
03-01-2022,S002,P0004,Groceries,North,409,11,48,8.25,27.28,10,Snowy,1,28.61,Autumn
03-01-2022,S002,P0005,Groceries,West,327,313,194,326.56,29.74,0,Snowy,1,31.67,Winter
03-01-2022,S002,P0006,Furniture,North,388,352,199,365.82,27.64,5,Snowy,0,27.19,Summer
03-01-2022,S002,P0007,Toys,South,483,265,108,277.23,60.54,5,Rainy,0,55.83,Autumn
03-01-2022,S002,P0008,Furniture,South,70,11,137,23.62,58.55,10,Cloudy,0,63.45,Summer
03-01-2022,S002,P0009,Groceries,South,288,191,29,207.27,58.59,0,Cloudy,0,60.98,Summer
03-01-2022,S002,P0010,Electronics,West,270,185,150,192.21,95.48,0,Rainy,1,91.76,Winter
03-01-2022,S002,P0011,Clothing,North,217,143,66,154.26,37.81,20,Snowy,1,37.14,Autumn
03-01-2022,S002,P0012,Electronics,West,221,85,84,104.48,48.7,10,Rainy,0,51.33,Spring
03-01-2022,S002,P0013,Groceries,West,303,270,164,268.73,65.89,10,Cloudy,0,64.52,Summer
03-01-2022,S002,P0014,Groceries,West,298,233,143,245.02,20.37,0,Rainy,1,23.3,Spring
03-01-2022,S002,P0015,Furniture,West,193,187,57,177.8,46.25,0,Snowy,0,49.2,Spring
03-01-2022,S002,P0016,Electronics,South,205,39,147,37.83,71.74,10,Rainy,0,76.17,Winter
03-01-2022,S002,P0017,Toys,West,427,234,195,231.16,20.57,10,Rainy,1,22.24,Autumn
03-01-2022,S002,P0018,Clothing,South,365,213,106,208.31,29.88,20,Rainy,1,25.73,Autumn
03-01-2022,S002,P0019,Clothing,North,111,55,163,71.88,73.98,15,Rainy,1,73.5,Winter
03-01-2022,S002,P0020,Groceries,South,271,22,178,15.3,45.02,10,Sunny,0,47.01,Spring
03-01-2022,S003,P0001,Clothing,North,134,100,185,100.66,82.88,10,Sunny,1,86.74,Autumn
03-01-2022,S003,P0002,Groceries,North,405,353,74,355.08,17.36,0,Cloudy,1,17.32,Spring
03-01-2022,S003,P0003,Electronics,West,290,255,118,246.78,42.7,20,Snowy,0,40.38,Autumn
03-01-2022,S003,P0004,Clothing,South,403,154,189,166.81,89.67,15,Sunny,0,88.99,Autumn
03-01-2022,S003,P0005,Clothing,East,311,147,29,154.97,65.77,0,Cloudy,1,61.06,Spring
03-01-2022,S003,P0006,Electronics,North,448,342,112,357.52,95.74,10,Cloudy,0,94.29,Summer
03-01-2022,S003,P0007,Furniture,West,277,54,126,48.62,98.9,0,Cloudy,0,97.62,Summer
03-01-2022,S003,P0008,Toys,East,421,289,112,292.21,41.11,15,Cloudy,0,36.9,Summer
03-01-2022,S003,P0009,Toys,South,241,179,135,198.59,42.07,0,Snowy,1,37.66,Winter
03-01-2022,S003,P0010,Furniture,South,186,175,75,177.8,95.89,0,Rainy,1,96.19,Autumn
03-01-2022,S003,P0011,Clothing,West,413,209,86,220.54,84.12,5,Sunny,0,89.06,Spring
03-01-2022,S003,P0012,Toys,East,112,109,46,113.33,71.21,20,Rainy,1,74.71,Summer
03-01-2022,S003,P0013,Groceries,South,268,43,78,49.77,49.23,0,Rainy,1,47.75,Spring
03-01-2022,S003,P0014,Toys,South,347,58,38,49.31,21.87,10,Rainy,1,25,Autumn
03-01-2022,S003,P0015,Electronics,South,495,399,86,390.1,60.83,0,Cloudy,1,60.34,Spring
03-01-2022,S003,P0016,Clothing,West,324,95,145,111.3,56.78,20,Rainy,0,60.75,Winter
03-01-2022,S003,P0017,Clothing,West,330,296,138,297.58,76.12,5,Snowy,0,77.55,Spring
03-01-2022,S003,P0018,Electronics,East,297,105,66,104.66,98.9,10,Sunny,0,96.55,Winter
03-01-2022,S003,P0019,Clothing,East,169,103,47,107.67,46.24,5,Cloudy,0,47.84,Autumn
03-01-2022,S003,P0020,Toys,South,257,131,103,123.65,16.35,15,Cloudy,0,19.59,Autumn
03-01-2022,S004,P0001,Groceries,East,175,66,140,56.84,83.63,15,Sunny,0,79.9,Summer
03-01-2022,S004,P0002,Groceries,West,228,163,161,161.48,81.57,0,Cloudy,1,77.66,Winter
03-01-2022,S004,P0003,Clothing,South,188,98,176,98.87,44.68,10,Snowy,0,42.55,Spring
03-01-2022,S004,P0004,Groceries,East,211,150,20,167.75,60.11,0,Rainy,1,62.3,Summer
03-01-2022,S004,P0005,Furniture,North,149,15,60,21.91,24.63,20,Snowy,0,27.97,Winter
03-01-2022,S004,P0006,Electronics,North,383,36,75,26.89,36.31,5,Cloudy,1,34.82,Autumn
03-01-2022,S004,P0007,Electronics,East,478,303,153,307.7,11.36,15,Cloudy,1,15.64,Autumn
03-01-2022,S004,P0008,Electronics,East,217,209,35,215.04,63.1,10,Rainy,1,65.17,Winter
03-01-2022,S004,P0009,Electronics,West,73,69,65,68.51,30.82,20,Sunny,0,35.26,Winter
03-01-2022,S004,P0010,Electronics,West,467,143,183,139.44,23.73,0,Snowy,0,21.84,Winter
03-01-2022,S004,P0011,Clothing,West,353,239,44,255.26,29.49,5,Sunny,0,31.68,Winter
03-01-2022,S004,P0012,Groceries,North,471,192,115,188.72,74.42,15,Cloudy,1,75.61,Autumn
03-01-2022,S004,P0013,Clothing,South,129,23,92,38.86,58.3,20,Rainy,1,59.12,Autumn
03-01-2022,S004,P0014,Groceries,East,301,165,34,160.46,60.58,0,Sunny,1,58.02,Winter
03-01-2022,S004,P0015,Groceries,South,423,85,73,95.5,73.48,0,Rainy,0,77,Spring
03-01-2022,S004,P0016,Groceries,East,385,79,130,86.62,16.18,10,Cloudy,0,18.35,Spring
03-01-2022,S004,P0017,Toys,North,74,33,29,43.64,38.52,15,Rainy,0,39.57,Spring
03-01-2022,S004,P0018,Electronics,South,467,270,108,270.37,46.93,0,Snowy,0,46.83,Winter
03-01-2022,S004,P0019,Toys,North,140,1,47,-3.91,80.41,0,Snowy,0,76.9,Winter
03-01-2022,S004,P0020,Clothing,East,197,149,134,161.2,95.33,20,Cloudy,0,97.42,Winter
03-01-2022,S005,P0001,Groceries,North,159,3,145,18.12,36.3,0,Snowy,0,34.96,Winter
03-01-2022,S005,P0002,Electronics,North,322,59,111,78.35,82.08,10,Sunny,1,84.13,Spring
03-01-2022,S005,P0003,Groceries,East,106,15,101,25.13,46.4,20,Snowy,0,49.42,Summer
03-01-2022,S005,P0004,Groceries,South,475,351,132,358.12,59.76,5,Cloudy,0,57.14,Spring
03-01-2022,S005,P0005,Groceries,North,83,66,57,63.37,60.35,20,Sunny,1,60.81,Winter
03-01-2022,S005,P0006,Groceries,West,117,62,58,59.04,40.61,10,Snowy,1,44.37,Autumn
03-01-2022,S005,P0007,Clothing,West,368,77,44,95.69,63.61,5,Rainy,1,63.81,Winter
03-01-2022,S005,P0008,Electronics,South,207,177,154,173.93,97.09,5,Snowy,1,95.17,Summer
03-01-2022,S005,P0009,Electronics,West,398,349,98,350.47,52.72,10,Sunny,0,55.74,Winter
03-01-2022,S005,P0010,Groceries,North,476,74,25,91.48,14.41,20,Sunny,1,11.25,Spring
03-01-2022,S005,P0011,Groceries,North,119,40,151,43.92,74.14,0,Cloudy,1,69.67,Winter
03-01-2022,S005,P0012,Toys,North,77,72,27,68.01,46.94,20,Rainy,1,46.58,Winter
03-01-2022,S005,P0013,Toys,South,191,190,126,205.54,23.04,5,Snowy,0,19.33,Autumn
03-01-2022,S005,P0014,Toys,North,419,263,189,263.83,28.02,5,Sunny,1,23.72,Autumn
03-01-2022,S005,P0015,Toys,South,184,126,175,143.76,86.82,20,Cloudy,0,85.26,Autumn
03-01-2022,S005,P0016,Clothing,North,361,17,171,25.61,80.31,5,Cloudy,1,76.56,Spring
03-01-2022,S005,P0017,Toys,East,154,19,116,37.45,41.28,10,Rainy,0,40.59,Spring
03-01-2022,S005,P0018,Toys,North,376,36,53,43.47,38.42,0,Snowy,1,35.98,Winter
03-01-2022,S005,P0019,Toys,North,268,207,177,198.44,59.93,20,Snowy,0,64.67,Autumn
03-01-2022,S005,P0020,Toys,South,451,91,193,99.88,66.76,5,Sunny,0,62.53,Summer
04-01-2022,S001,P0001,Groceries,South,85,58,193,52.87,77.88,15,Cloudy,1,75.99,Winter
04-01-2022,S001,P0002,Electronics,North,91,91,142,82.65,88.22,15,Sunny,1,87.44,Autumn
04-01-2022,S001,P0003,Toys,South,184,70,191,82.51,10.55,15,Cloudy,0,7.6,Winter
04-01-2022,S001,P0004,Electronics,North,209,0,123,15.37,44.81,5,Sunny,1,45.53,Winter
04-01-2022,S001,P0005,Electronics,East,470,32,192,45.57,69.65,10,Snowy,0,73.5,Spring
04-01-2022,S001,P0006,Clothing,South,127,8,84,0.54,53.35,20,Cloudy,0,55.07,Spring
04-01-2022,S001,P0007,Groceries,North,367,341,39,336.71,33.47,5,Cloudy,0,28.95,Spring
04-01-2022,S001,P0008,Electronics,East,404,347,183,350.96,61.1,20,Sunny,0,58.46,Winter
04-01-2022,S001,P0009,Groceries,North,403,15,187,26.72,45.25,10,Sunny,0,46.74,Summer
04-01-2022,S001,P0010,Toys,East,494,85,122,92.86,94.98,20,Rainy,0,98.87,Autumn
04-01-2022,S001,P0011,Toys,South,421,30,33,49.2,24.21,0,Sunny,0,25.48,Spring
04-01-2022,S001,P0012,Electronics,West,150,136,129,140.64,66.07,5,Snowy,0,70.84,Winter
04-01-2022,S001,P0013,Toys,North,94,31,174,46.7,34.68,10,Sunny,0,33.73,Winter
04-01-2022,S001,P0014,Clothing,East,77,7,76,22.66,98.28,15,Cloudy,1,95.38,Spring
04-01-2022,S001,P0015,Electronics,West,430,377,118,371.89,87.24,10,Cloudy,1,88.66,Spring
04-01-2022,S001,P0016,Groceries,North,168,28,32,33.2,93.4,10,Sunny,0,93.22,Summer
04-01-2022,S001,P0017,Toys,West,353,348,36,349.59,53.02,0,Cloudy,1,57.08,Autumn
04-01-2022,S001,P0018,Groceries,South,380,258,66,258.58,58.54,5,Sunny,1,60.77,Summer
04-01-2022,S001,P0019,Toys,West,127,41,191,50.38,63.29,15,Sunny,1,61.73,Autumn
04-01-2022,S001,P0020,Electronics,North,153,49,139,44.55,10.93,0,Snowy,1,10.76,Winter
04-01-2022,S002,P0001,Clothing,North,108,83,25,85.5,45.49,5,Sunny,1,44.33,Spring
04-01-2022,S002,P0002,Furniture,West,109,60,172,71.47,52.33,10,Cloudy,1,51.78,Summer
04-01-2022,S002,P0003,Toys,North,493,448,113,459.44,41.55,15,Rainy,0,44.02,Winter
04-01-2022,S002,P0004,Toys,East,289,11,21,26.96,58.13,0,Sunny,1,61.63,Summer
04-01-2022,S002,P0005,Groceries,East,425,390,175,407.4,25.67,10,Snowy,0,23.55,Spring
04-01-2022,S002,P0006,Clothing,West,118,81,139,88.67,33.96,0,Sunny,0,29.22,Summer
04-01-2022,S002,P0007,Electronics,North,449,121,118,132.54,81.35,20,Cloudy,0,82.18,Spring
04-01-2022,S002,P0008,Groceries,West,184,44,152,52.26,57.34,20,Rainy,0,56.99,Spring
04-01-2022,S002,P0009,Toys,East,239,88,31,104.13,50.36,15,Cloudy,0,47.77,Winter
04-01-2022,S002,P0010,Groceries,West,216,142,172,138.75,51.34,15,Rainy,1,53.35,Autumn
04-01-2022,S002,P0011,Toys,North,291,48,69,48.65,13.09,20,Snowy,1,11.98,Summer
04-01-2022,S002,P0012,Electronics,North,74,61,87,67.72,94.85,0,Cloudy,0,93.92,Winter
04-01-2022,S002,P0013,Electronics,East,429,140,180,151.22,16.47,5,Sunny,0,17.47,Summer
04-01-2022,S002,P0014,Toys,West,467,390,188,408.18,82.15,15,Cloudy,1,79.63,Summer
04-01-2022,S002,P0015,Toys,North,121,91,197,93.99,61.13,5,Rainy,0,62.56,Summer
04-01-2022,S002,P0016,Groceries,East,134,32,107,32.03,63.74,10,Snowy,0,61.83,Winter
04-01-2022,S002,P0017,Electronics,East,152,60,92,54.96,66.78,10,Snowy,1,67.89,Winter
04-01-2022,S002,P0018,Clothing,South,236,206,63,220.44,30.12,15,Sunny,1,27.89,Winter
04-01-2022,S002,P0019,Groceries,West,253,108,36,107.84,31.26,10,Sunny,1,33.52,Summer
04-01-2022,S002,P0020,Furniture,East,403,349,42,340.49,21.47,0,Rainy,0,17.22,Winter
04-01-2022,S003,P0001,Furniture,South,335,271,147,276.13,81.01,20,Rainy,0,83.63,Summer
04-01-2022,S003,P0002,Electronics,South,293,202,130,215.12,59.97,5,Snowy,1,61.76,Spring
04-01-2022,S003,P0003,Toys,North,169,34,91,24.17,26.87,10,Snowy,0,30.53,Summer
04-01-2022,S003,P0004,Clothing,West,294,165,43,164.1,99.12,10,Rainy,0,97.69,Summer
04-01-2022,S003,P0005,Groceries,North,69,2,161,21.27,24.29,5,Rainy,0,25.5,Summer
04-01-2022,S003,P0006,Electronics,East,328,308,113,323.67,18.48,0,Rainy,1,17.76,Autumn
04-01-2022,S003,P0007,Toys,North,173,76,157,75.54,54.73,10,Snowy,1,52.32,Spring
04-01-2022,S003,P0008,Toys,East,108,91,129,95.55,59.61,5,Rainy,1,57.85,Summer
04-01-2022,S003,P0009,Furniture,West,494,113,84,121.8,14.64,20,Cloudy,1,12.8,Spring
04-01-2022,S003,P0010,Electronics,East,366,274,102,268.6,63.63,15,Cloudy,1,62.96,Winter
04-01-2022,S003,P0011,Toys,East,441,116,52,128.01,95.99,10,Sunny,0,95.78,Autumn
04-01-2022,S003,P0012,Electronics,North,181,5,37,18.13,75.41,5,Rainy,1,75.03,Summer
04-01-2022,S003,P0013,Furniture,East,330,115,116,111.27,24.19,15,Rainy,1,28.03,Autumn
04-01-2022,S003,P0014,Clothing,East,228,79,158,75.88,85.33,0,Sunny,1,82.64,Spring
04-01-2022,S003,P0015,Electronics,East,344,223,53,235.42,15.58,15,Cloudy,0,19.75,Winter
04-01-2022,S003,P0016,Furniture,West,336,258,175,260.26,19.63,10,Cloudy,1,20.65,Summer
04-01-2022,S003,P0017,Toys,West,355,236,26,248.1,53.81,0,Rainy,0,49.72,Winter
04-01-2022,S003,P0018,Toys,North,431,309,165,323.61,37.49,20,Cloudy,0,40.66,Autumn
04-01-2022,S003,P0019,Groceries,North,172,32,160,26.96,38.2,0,Rainy,0,38.42,Summer
04-01-2022,S003,P0020,Clothing,South,145,44,122,43.44,84.13,15,Snowy,1,84.05,Winter
04-01-2022,S004,P0001,Furniture,South,487,145,149,154.43,20.39,15,Sunny,0,21.17,Summer
04-01-2022,S004,P0002,Groceries,North,216,150,162,141.65,70.46,20,Sunny,1,66.42,Summer
04-01-2022,S004,P0003,Toys,West,236,40,104,36.09,53.13,5,Snowy,1,48.66,Spring
04-01-2022,S004,P0004,Toys,West,260,245,199,256.94,82,10,Sunny,1,81.29,Winter
04-01-2022,S004,P0005,Furniture,North,435,241,160,255.72,75.55,15,Snowy,0,75.67,Autumn
04-01-2022,S004,P0006,Groceries,South,499,138,175,128.04,50.26,0,Cloudy,1,47.5,Autumn
04-01-2022,S004,P0007,Clothing,East,180,152,102,157.24,56.58,5,Cloudy,1,52.57,Autumn
04-01-2022,S004,P0008,Furniture,West,128,12,85,16.36,37.17,10,Rainy,1,32.41,Winter
04-01-2022,S004,P0009,Furniture,South,291,158,35,158.23,82.75,20,Sunny,1,83.85,Winter
04-01-2022,S004,P0010,Clothing,North,444,265,187,264.83,23.53,10,Sunny,1,24.56,Spring
04-01-2022,S004,P0011,Clothing,East,281,240,182,243.7,56.3,5,Sunny,0,60.74,Spring
04-01-2022,S004,P0012,Toys,North,189,153,155,145.17,94.09,5,Cloudy,0,90.8,Spring
04-01-2022,S004,P0013,Groceries,West,80,68,48,81.02,24.53,20,Snowy,1,23.7,Spring
04-01-2022,S004,P0014,Furniture,West,314,302,42,300.24,70.33,20,Snowy,0,72.22,Autumn
04-01-2022,S004,P0015,Clothing,West,167,70,42,69.66,79.68,5,Rainy,1,77.12,Spring
04-01-2022,S004,P0016,Groceries,West,129,92,73,89.92,25.69,0,Sunny,0,27.17,Autumn
04-01-2022,S004,P0017,Clothing,East,425,275,160,266.14,25.04,5,Sunny,1,29.56,Summer
04-01-2022,S004,P0018,Groceries,East,103,3,34,20.62,56.02,15,Sunny,0,59.96,Winter
04-01-2022,S004,P0019,Groceries,West,471,307,143,319.56,31.39,5,Rainy,1,29.82,Winter
04-01-2022,S004,P0020,Groceries,South,364,62,27,68.97,86.86,15,Snowy,0,89.19,Spring
04-01-2022,S005,P0001,Furniture,North,383,195,175,214.04,21.71,20,Rainy,0,24.12,Winter
04-01-2022,S005,P0002,Furniture,West,495,33,75,36.13,40.56,5,Rainy,1,39.9,Winter
04-01-2022,S005,P0003,Toys,South,439,263,107,266.77,29.2,5,Snowy,0,30.66,Winter
04-01-2022,S005,P0004,Toys,West,101,83,94,97.81,82.18,20,Cloudy,1,78.43,Summer
04-01-2022,S005,P0005,Toys,South,292,78,25,85.65,45.85,15,Sunny,1,43.84,Autumn
04-01-2022,S005,P0006,Clothing,West,466,118,75,133.87,42.08,10,Sunny,0,37.49,Summer
04-01-2022,S005,P0007,Clothing,North,175,147,130,141.44,51.22,10,Cloudy,1,54.22,Spring
04-01-2022,S005,P0008,Furniture,South,327,216,124,233.51,62.03,20,Cloudy,0,64.13,Summer
04-01-2022,S005,P0009,Groceries,West,194,27,43,26.91,36.53,15,Snowy,1,35.63,Spring
04-01-2022,S005,P0010,Electronics,North,349,172,189,171.35,84.66,5,Rainy,1,79.81,Winter
04-01-2022,S005,P0011,Toys,West,237,78,192,77.14,39.15,0,Snowy,1,35.15,Autumn
04-01-2022,S005,P0012,Clothing,South,220,196,82,187.61,45.65,15,Cloudy,1,48.04,Summer
04-01-2022,S005,P0013,Groceries,North,86,75,153,72.27,40.27,15,Sunny,1,41.66,Summer
04-01-2022,S005,P0014,Toys,West,334,11,179,8.45,82.99,15,Snowy,1,87.85,Spring
04-01-2022,S005,P0015,Clothing,West,186,144,197,150.43,60.15,20,Cloudy,1,61.9,Summer
04-01-2022,S005,P0016,Electronics,North,288,200,180,216.05,15.19,10,Sunny,0,12.13,Winter
04-01-2022,S005,P0017,Toys,North,460,256,107,252.35,37.46,20,Cloudy,1,33.09,Autumn
04-01-2022,S005,P0018,Groceries,East,482,118,168,137.7,34.44,10,Cloudy,0,33.51,Spring
04-01-2022,S005,P0019,Toys,North,278,244,24,259.18,84.99,20,Rainy,0,85.21,Autumn
04-01-2022,S005,P0020,Furniture,West,128,54,139,62.09,81.63,10,Rainy,0,78.32,Autumn
05-01-2022,S001,P0001,Groceries,South,238,147,37,150.27,28.46,20,Sunny,1,29.4,Winter
05-01-2022,S001,P0002,Toys,West,270,220,165,237,79.54,10,Rainy,0,80.22,Spring
05-01-2022,S001,P0003,Toys,South,216,97,198,101.54,80.57,5,Rainy,1,78.89,Summer
05-01-2022,S001,P0004,Electronics,North,172,29,73,40.03,93.53,20,Snowy,1,93.55,Autumn
05-01-2022,S001,P0005,Furniture,West,405,192,76,193.38,46.13,0,Cloudy,0,42.56,Spring
05-01-2022,S001,P0006,Toys,North,338,158,139,168.84,60.2,0,Rainy,1,57.13,Winter
05-01-2022,S001,P0007,Groceries,West,409,8,143,17.44,53.65,5,Cloudy,0,53.31,Autumn
05-01-2022,S001,P0008,Electronics,West,102,42,23,35.11,59.2,5,Snowy,0,58.19,Winter
05-01-2022,S001,P0009,Furniture,East,433,5,185,6.6,98.03,5,Rainy,0,93.57,Spring
05-01-2022,S001,P0010,Furniture,East,288,93,169,85.66,32.6,20,Rainy,0,32.17,Spring
05-01-2022,S001,P0011,Groceries,North,485,44,191,54.08,53.31,5,Sunny,1,52.89,Spring
05-01-2022,S001,P0012,Electronics,West,414,78,91,76.67,93.96,20,Sunny,0,98.29,Summer
05-01-2022,S001,P0013,Toys,East,370,57,24,55.73,83.3,0,Snowy,0,82.46,Summer
05-01-2022,S001,P0014,Toys,North,233,161,171,155.79,12.66,15,Rainy,1,12.38,Autumn
05-01-2022,S001,P0015,Toys,West,272,172,139,183.33,55.77,20,Rainy,1,59.56,Winter
05-01-2022,S001,P0016,Groceries,East,189,132,196,143.24,30.15,15,Rainy,0,26.17,Autumn
05-01-2022,S001,P0017,Electronics,East,120,46,156,53.06,63.75,5,Snowy,0,60.02,Winter
05-01-2022,S001,P0018,Groceries,South,248,17,200,17.8,97.51,10,Snowy,0,97.99,Spring
05-01-2022,S001,P0019,Electronics,West,492,38,167,47.82,49.8,5,Rainy,1,47.76,Autumn
05-01-2022,S001,P0020,Toys,West,355,11,26,4.5,33.3,10,Rainy,0,37.71,Winter
05-01-2022,S002,P0001,Furniture,East,250,161,70,171.45,56.24,15,Snowy,1,60.32,Spring
05-01-2022,S002,P0002,Electronics,North,182,101,81,92.92,43.43,20,Sunny,1,39.61,Autumn
05-01-2022,S002,P0003,Electronics,North,274,263,91,257.46,30.78,10,Snowy,0,34.67,Summer
05-01-2022,S002,P0004,Furniture,North,148,32,142,25.88,82.85,5,Sunny,0,78.98,Autumn
05-01-2022,S002,P0005,Clothing,West,241,209,36,212.58,87.11,0,Cloudy,1,83.23,Spring
05-01-2022,S002,P0006,Groceries,West,131,24,176,22.17,56.68,5,Cloudy,0,60.18,Spring
05-01-2022,S002,P0007,Groceries,South,80,20,176,34.05,80.01,5,Rainy,1,80.65,Winter
05-01-2022,S002,P0008,Clothing,East,483,148,111,145.1,41.24,0,Cloudy,1,44.9,Autumn
05-01-2022,S002,P0009,Toys,West,228,100,183,109.92,96.96,5,Cloudy,1,98.62,Spring
05-01-2022,S002,P0010,Toys,East,202,129,55,119.12,87.69,20,Snowy,0,83.87,Autumn
05-01-2022,S002,P0011,Furniture,East,440,257,41,266.89,74.45,5,Cloudy,1,76.99,Spring
05-01-2022,S002,P0012,Groceries,West,264,262,29,269.59,53.28,5,Rainy,0,56.77,Summer
05-01-2022,S002,P0013,Toys,East,296,200,20,214.64,25.38,15,Cloudy,1,25.99,Spring
05-01-2022,S002,P0014,Groceries,West,201,56,187,69.26,23.84,10,Sunny,1,19.73,Spring
05-01-2022,S002,P0015,Clothing,South,70,24,28,17.01,52.21,20,Cloudy,0,56.17,Summer
05-01-2022,S002,P0016,Furniture,West,176,105,174,106.4,79.34,20,Cloudy,0,79.16,Spring
05-01-2022,S002,P0017,Groceries,East,399,294,100,302.77,13.13,15,Snowy,0,9.46,Summer
05-01-2022,S002,P0018,Groceries,East,294,142,63,154.25,23.28,15,Cloudy,1,23.86,Autumn
05-01-2022,S002,P0019,Electronics,South,222,55,27,68.88,67.3,10,Sunny,1,66.27,Spring
05-01-2022,S002,P0020,Electronics,South,123,24,110,27.69,17.35,20,Cloudy,1,13.22,Autumn
05-01-2022,S003,P0001,Electronics,West,388,53,55,47.35,93.06,0,Snowy,1,88.15,Summer
05-01-2022,S003,P0002,Groceries,South,191,189,177,187.88,84.04,20,Cloudy,0,87.67,Winter
05-01-2022,S003,P0003,Furniture,East,370,146,68,155.15,25.75,0,Rainy,1,30.21,Summer
05-01-2022,S003,P0004,Furniture,East,463,186,77,188.51,76.32,20,Cloudy,0,79.04,Summer
05-01-2022,S003,P0005,Toys,West,140,77,149,90.49,49.52,20,Snowy,1,54.31,Spring
05-01-2022,S003,P0006,Furniture,East,314,225,135,220.06,93.81,0,Snowy,0,89.3,Autumn
05-01-2022,S003,P0007,Clothing,East,79,66,69,74.14,76.7,10,Rainy,1,73.33,Summer
05-01-2022,S003,P0008,Electronics,South,411,35,83,35.46,24.28,15,Snowy,1,21.81,Winter
05-01-2022,S003,P0009,Electronics,West,117,1,64,7.16,13.87,15,Rainy,1,14.32,Spring
05-01-2022,S003,P0010,Clothing,West,109,95,73,90.43,14.93,10,Sunny,0,17.34,Winter
05-01-2022,S003,P0011,Electronics,East,438,255,85,269.91,22.22,10,Snowy,1,25.17,Spring
05-01-2022,S003,P0012,Toys,East,480,132,174,122.08,57.69,5,Cloudy,0,56.53,Winter
05-01-2022,S003,P0013,Furniture,East,284,234,168,232.6,80.36,15,Rainy,1,78.62,Winter
05-01-2022,S003,P0014,Furniture,South,444,42,86,44.15,40.6,10,Rainy,1,37.42,Winter
05-01-2022,S003,P0015,Furniture,South,278,25,81,28.28,86.8,0,Snowy,0,90.41,Autumn
05-01-2022,S003,P0016,Toys,North,202,30,195,29.93,30.33,15,Snowy,1,27.66,Autumn
05-01-2022,S003,P0017,Toys,East,192,28,175,18.54,29.03,0,Snowy,0,25.22,Summer
05-01-2022,S003,P0018,Groceries,South,168,38,74,41.71,97.97,15,Cloudy,0,102.22,Spring
05-01-2022,S003,P0019,Toys,West,308,149,35,167.46,31.18,0,Sunny,1,34.2,Winter
05-01-2022,S003,P0020,Groceries,North,286,192,70,205.67,65.34,10,Rainy,0,63.05,Autumn
05-01-2022,S004,P0001,Toys,North,201,198,103,212.56,57.58,10,Cloudy,0,58.98,Summer
05-01-2022,S004,P0002,Electronics,North,135,83,49,88.88,54.02,20,Rainy,0,58.22,Winter
05-01-2022,S004,P0003,Furniture,North,258,97,172,102.13,69.96,10,Snowy,1,70.94,Autumn
05-01-2022,S004,P0004,Toys,North,357,173,97,190.9,51.07,5,Sunny,1,50.35,Spring
05-01-2022,S004,P0005,Electronics,East,387,69,199,87.46,99.12,20,Rainy,1,95.19,Autumn
05-01-2022,S004,P0006,Furniture,East,378,256,169,271.82,77.59,15,Sunny,0,79.28,Autumn
05-01-2022,S004,P0007,Electronics,North,249,246,124,246.58,87.6,10,Snowy,0,92.28,Summer
05-01-2022,S004,P0008,Clothing,South,448,332,184,343.03,43.67,15,Cloudy,1,40.57,Summer
05-01-2022,S004,P0009,Toys,North,348,325,97,321.15,89.52,0,Rainy,0,87.3,Summer
05-01-2022,S004,P0010,Groceries,East,412,53,75,72.67,12.89,0,Snowy,1,13.92,Autumn
05-01-2022,S004,P0011,Groceries,West,344,17,30,26.69,92.7,5,Sunny,0,97.29,Autumn
05-01-2022,S004,P0012,Toys,West,475,223,172,241.25,31.47,20,Snowy,0,29.24,Spring
05-01-2022,S004,P0013,Electronics,West,400,95,86,113.09,89.52,0,Cloudy,0,91.76,Autumn
05-01-2022,S004,P0014,Toys,North,424,225,37,220.89,54.44,20,Sunny,0,57.58,Winter
05-01-2022,S004,P0015,Groceries,East,441,216,118,207.56,21.75,15,Sunny,0,21.05,Winter
05-01-2022,S004,P0016,Electronics,North,421,324,27,318.43,60.8,0,Rainy,1,58.01,Spring
05-01-2022,S004,P0017,Toys,South,278,75,56,90.62,60.17,5,Sunny,0,55.33,Summer
05-01-2022,S004,P0018,Electronics,West,319,158,176,170.15,19.17,15,Rainy,1,20.52,Winter
05-01-2022,S004,P0019,Electronics,West,353,55,35,56.6,45.92,20,Snowy,0,46.95,Winter
05-01-2022,S004,P0020,Toys,South,149,131,42,147.54,23.85,5,Cloudy,0,19.43,Autumn
05-01-2022,S005,P0001,Toys,South,371,74,115,93.27,40.47,20,Cloudy,0,40.3,Spring
05-01-2022,S005,P0002,Toys,West,98,59,94,62.06,26.25,15,Snowy,1,28.27,Autumn
05-01-2022,S005,P0003,Electronics,South,318,150,171,145.3,82.08,5,Rainy,0,82.7,Spring
05-01-2022,S005,P0004,Groceries,North,200,135,192,145.91,50.59,15,Sunny,0,54.05,Spring
05-01-2022,S005,P0005,Toys,West,299,79,117,97.08,49.08,5,Rainy,0,45.5,Spring
05-01-2022,S005,P0006,Groceries,South,392,62,125,68.41,12.38,0,Rainy,1,16.24,Summer
05-01-2022,S005,P0007,Clothing,East,399,130,77,123.53,49.02,20,Cloudy,0,53.33,Autumn
05-01-2022,S005,P0008,Toys,North,192,74,116,66.44,27.8,10,Sunny,1,31.34,Summer
05-01-2022,S005,P0009,Clothing,West,149,16,23,34.95,59.13,10,Rainy,0,59.09,Summer
05-01-2022,S005,P0010,Furniture,North,406,342,195,353.01,43.1,5,Cloudy,1,42.19,Summer
05-01-2022,S005,P0011,Electronics,South,91,48,155,51.37,13.33,5,Cloudy,0,13.1,Autumn
05-01-2022,S005,P0012,Clothing,East,228,224,147,218.16,98.66,10,Snowy,0,103.3,Spring
05-01-2022,S005,P0013,Electronics,South,68,64,54,71.81,39.8,15,Rainy,1,35.38,Summer
05-01-2022,S005,P0014,Toys,North,358,322,36,316.68,86.26,10,Rainy,0,85.97,Summer
05-01-2022,S005,P0015,Toys,South,361,264,75,258.32,85.81,10,Snowy,1,89.25,Summer
05-01-2022,S005,P0016,Electronics,West,371,343,98,350.28,58.21,20,Rainy,0,57.49,Spring
05-01-2022,S005,P0017,Groceries,East,231,15,107,26.67,74.42,5,Cloudy,0,73.86,Summer
05-01-2022,S005,P0018,Toys,East,269,90,109,105.45,53.06,10,Sunny,0,56,Summer
05-01-2022,S005,P0019,Clothing,South,444,143,196,153,61.9,15,Snowy,0,60.14,Autumn
